{"grating1":{"ANGDEV":-13.3017740249634,"DETECTOROFFSET1":0,"DETECTOROFFSET2":0,"FOCLEN":0.309731483459473,"FOCTLT":-5,"GRATBLAZE":500,"GRATLINES":1800,"GRATOFFSET":-4,"GRATSTART":16261,"POLY1":2.14226003777929e-15,"POLY2":-5.34554995754166e-12,"POLY3":4.31740021511473e-09,"POLY4":0.00061482097953558,"POLY5":-1.76895994741244e-07,"SINAMPLITUDE":-7.44873714447021,"SINFREQUENCY":12800,"SINPHASE":-0.973829925060272},"grating2":{"ANGDEV":-12.9728879928589,"DETECTOROFFSET1":0,"DETECTOROFFSET2":0,"FOCLEN":0.313157916069031,"FOCTLT":-5,"GRATBLAZE":500,"GRATLINES":600,"GRATOFFSET":-6,"GRATSTART":784464,"POLY1":3.98733001098165e-14,"POLY2":-4.56024003281374e-11,"POLY3":1.74375998085452e-08,"POLY4":0.000613601005170494,"POLY5":-3.02039012467503e-07,"SINAMPLITUDE":-12.1153049468994,"SINFREQUENCY":12800,"SINPHASE":-0.0631125196814537},"grating3":{"ANGDEV":-11,"DETECTOROFFSET1":0,"DETECTOROFFSET2":0,"FOCLEN":0.315663501,"FOCTLT":-5,"GRATBLAZE":500,"GRATLINES":150,"GRATOFFSET":-6,"GRATSTART":1551231,"POLY1":1.46768998660778e-15,"POLY2":-3.67567998607599e-12,"POLY3":2.98403990406371e-09,"POLY4":0.000615191995166242,"POLY5":-8.25099959911313e-06,"SINAMPLITUDE":-9.29742431640625,"SINFREQUENCY":12800,"SINPHASE":-0.158013999462128}}
